Workload,Structure,Operation,N,AverageTimeNs,Metric,MetricValue
Workload1,DynamicArray,RandomAccess,100,374900,Accesses,10000
Workload1,LinkedList,RandomAccess,100,1827940,Accesses,10000
Workload1,DynamicArray,RandomAccess,1000,96200,Accesses,10000
Workload1,LinkedList,RandomAccess,1000,9544360,Accesses,10000
Workload1,DynamicArray,RandomAccess,10000,13180,Accesses,10000
Workload1,LinkedList,RandomAccess,10000,107377840,Accesses,10000
Workload1,DynamicArray,RandomAccess,100000,120920,Accesses,10000
Workload1,LinkedList,RandomAccess,100000,1192261620,Accesses,10000
Workload2,DynamicArray,Search,100,689740,Comparisons,99932
Workload2,LinkedList,Search,100,604260,Comparisons,99932
Workload2,DynamicArray,Search,1000,1554500,Comparisons,998014
Workload2,LinkedList,Search,1000,3342320,Comparisons,998014
Workload2,DynamicArray,Search,10000,6528140,Comparisons,9485303
Workload2,LinkedList,Search,10000,26908040,Comparisons,9485303
Workload2,DynamicArray,Search,100000,43493880,Comparisons,62468382
Workload2,LinkedList,Search,100000,178303720,Comparisons,62468382
Workload3,DynamicArray,Insert-Beginning,100,3563280,Movements,599500
Workload3,DynamicArray,Remove-Beginning,100,4647620,Movements,599500
Workload3,LinkedList,Insert-Beginning,100,87800,Accesses,0
Workload3,LinkedList,Remove-Beginning,100,66860,Accesses,0
Workload3,DynamicArray,Insert-Middle,100,185620,Movements,549500
Workload3,DynamicArray,Remove-Middle,100,142440,Movements,549500
Workload3,LinkedList,Insert-Middle,100,379620,Accesses,49000
Workload3,LinkedList,Remove-Middle,100,358880,Accesses,49000
Workload3,DynamicArray,Insert-Beginning,1000,247600,Movements,1499500
Workload3,DynamicArray,Remove-Beginning,1000,216800,Movements,1499500
Workload3,LinkedList,Insert-Beginning,1000,55180,Accesses,0
Workload3,LinkedList,Remove-Beginning,1000,32080,Accesses,0
Workload3,DynamicArray,Insert-Middle,1000,150000,Movements,999500
Workload3,DynamicArray,Remove-Middle,1000,124860,Movements,999500
Workload3,LinkedList,Insert-Middle,1000,878280,Accesses,499000
Workload3,LinkedList,Remove-Middle,1000,853400,Accesses,499000
Workload3,DynamicArray,Insert-Beginning,10000,1956520,Movements,10499500
Workload3,DynamicArray,Remove-Beginning,10000,2158560,Movements,10499500
Workload3,LinkedList,Insert-Beginning,10000,23780,Accesses,0
Workload3,LinkedList,Remove-Beginning,10000,14460,Accesses,0
Workload3,DynamicArray,Insert-Middle,10000,1265700,Movements,5499500
Workload3,DynamicArray,Remove-Middle,10000,805260,Movements,5499500
Workload3,LinkedList,Insert-Middle,10000,8979680,Accesses,4999000
Workload3,LinkedList,Remove-Middle,10000,10395120,Accesses,4999000
Workload3,DynamicArray,Insert-Beginning,100000,21199560,Movements,100499500
Workload3,DynamicArray,Remove-Beginning,100000,17408180,Movements,100499500
Workload3,LinkedList,Insert-Beginning,100000,6420,Accesses,0
Workload3,LinkedList,Remove-Beginning,100000,3180,Accesses,0
Workload3,DynamicArray,Insert-Middle,100000,10059660,Movements,50499500
Workload3,DynamicArray,Remove-Middle,100000,11946060,Movements,50499500
Workload3,LinkedList,Insert-Middle,100000,113784360,Accesses,49999000
Workload3,LinkedList,Remove-Middle,100000,117182920,Accesses,49999000
Workload4,MinHeap,Insert,100,33480,Comparisons,222
Workload4,MinHeap,ExtractMin,100,85300,Comparisons,852
Workload4,MinHeap,Insert,1000,104380,Comparisons,2203
Workload4,MinHeap,ExtractMin,1000,245440,Comparisons,14966
Workload4,MinHeap,Insert,10000,1079320,Comparisons,22602
Workload4,MinHeap,ExtractMin,10000,2542280,Comparisons,216531
Workload4,MinHeap,Insert,100000,4261900,Comparisons,228950
Workload4,MinHeap,ExtractMin,100000,23944460,Comparisons,2831453
